n,max_degree,field_size,density,trials,WeakPopov_mean,WeakPopov_median,Alekhnovich_mean,Alekhnovich_median,WeakPopov_reduced_trials,Alekhnovich_reduced_trials,WeakPopov_normalized,Alekhnovich_normalized
2,2,7,0.9,1,0.0010002499999473002,0.0010002499999473002,0.0017329999999446954,0.0017329999999446954,1,1,6.251562499670626e-05,0.00021662479183712276
2,3,7,0.9,1,2.3417000079462014e-05,2.3417000079462014e-05,0.00014233299998522853,0.00014233299998522853,1,1,6.504722244295003e-07,9.666562398870308e-06
3,2,7,0.9,1,4.100000001017179e-05,4.100000001017179e-05,0.00026637500002379966,0.00026637500002379966,1,1,1.1388888891714387e-06,1.4798589782362792e-05
3,3,7,0.9,1,0.0006003329999657581,0.0006003329999657581,0.014179791999936242,0.014179791999936242,1,1,7.411518518095779e-06,0.0003917677269607213
