n,max_degree,field_size,density,trials,WeakPopov_mean,WeakPopov_median,Alekhnovich_mean,Alekhnovich_median
2,2,7,0.9,1,0.008710542000017085,0.008710542000017085,0.003495665999935227,0.003495665999935227
2,3,7,0.9,1,6.658300003437034e-05,6.658300003437034e-05,0.0002119999999194988,0.0002119999999194988
3,2,7,0.9,1,0.0011036670000521553,0.0011036670000521553,0.000620416999936424,0.000620416999936424
3,3,7,0.9,1,0.0006684169998152356,0.0006684169998152356,0.016375082999957158,0.016375082999957158
